Age,Gender,Weight(kg),Height(m),Resting_BPM,Workout_Frequency(days/week),Experience_Level,Session_Duration(min),Workout_Type,Fat_Percentage,Water_Intake(liters),BMI
41,Male,120.8,1.67,54,2,1,50,HIIT,45.202,3,43.31
39,Female,42.5,1.75,52,2,1,70,Strength,20.226,2.1,13.88
55, Female ,75.2,1.67,51,2,1,80, HIIT         ,39.602,2.2,26.96
38, Male   ,71.9,1.77,72,2,1,70, Cardio       ,30.88,3.1,22.95
50, Female ,71,1.68,70,2,1,70, Yoga         ,36.292,2.5,25.16
29, Male   ,120.9,1.78,65,2,1,50, Yoga         ,47.062,3.4,38.16
44, Male   ,65.2,1.8,68,2,1,40, HIIT         ,28.864,2.7,20.12
54, Female ,50.2,1.61,67,2,1,90, HIIT         ,30.264,2.7,19.37
24, Female ,58.9,1.51,68,2,1,60, Cardio       ,31.116,2.5,25.83
31, Female ,48.8,1.51,60,2,1,90, Cardio       ,27.41,2,21.4
19, Female ,60.5,1.59,53,2,1,70, Cardio       ,27.686,2.2,23.93
37, Male   ,124.2,1.76,50,2,1,90, HIIT         ,51.23,2.8,40.1
25, Male   ,88.1,1.95,68,2,1,90, Cardio       ,28.154,3,23.17
35, Female ,44.6,1.62,65,2,1,30, HIIT         ,23.038,2,16.99
48, Female ,67.1,1.61,74,2,1,40, Cardio       ,36.708,1.5,25.89
58, Female ,66.1,1.75,57,2,1,40, Cardio       ,33.836,1.8,21.58
46, Male   ,103.9,1.77,54,2,1,70, Yoga         ,44.972,2.9,33.16
18, Female ,52.3,1.74,58,2,1,70, Cardio       ,19.464,2.2,17.27
26, Female ,76.7,1.63,72,2,1,70, Strength     ,35.224,1.7,28.87
34, Female ,75.6,1.6,51,2,1,40, HIIT         ,37.856,2.7,29.53
56, Male   ,129,1.78,64,2,1,80, Yoga         ,56.332,2.7,40.71
41, Male   ,71.7,1.96,51,2,1,30, Yoga         ,26.422,2.5,18.66
18, Male   ,92.4,1.74,50,2,1,90, Yoga         ,35.364,3.1,30.52
56, Male   ,129.5,1.95,66,2,1,60, Strength     ,48.352,3.5,34.06
32, Female ,59,1.66,64,2,1,30, Cardio       ,27.652,1.8,21.41
54, Male   ,86.1,1.95,64,2,1,70, Yoga         ,34.188,3.4,22.64
56, Male   ,69.3,1.68,58,2,1,40, Yoga         ,36.94,2.1,24.55
32, Female ,70.5,1.62,58,2,1,70, Strength     ,34.192,1.8,26.86
49, Male   ,115.3,1.91,61,2,1,80, HIIT         ,43.802,3.2,31.61
37, Male   ,103.5,1.89,57,2,1,30, Cardio       ,37.874,3.1,28.97
45, Male   ,113.4,1.71,63,2,1,50, Strength     ,51.486,2.3,38.78
18, Male   ,70,1.61,71,2,1,80, Strength     ,31.152,2.5,27.01
54, Female ,72.3,1.78,72,2,1,80, Cardio       ,34.404,1.8,22.82
50, Male   ,51.1,1.98,52,2,1,60, Yoga         ,21.736,2.4,13.03
19, Male   ,87.8,1.78,72,2,1,80, Cardio       ,32.222,3.3,27.71
43, Male   ,108.6,1.73,66,2,1,80, Cardio       ,48.038,2.2,36.29
43, Female ,48.4,1.61,69,2,1,80, Cardio       ,26.894,2.4,18.67
36, Male   ,110.2,1.77,74,2,1,70, HIIT         ,45.096,3.4,35.18
24, Female ,40.4,1.64,55,2,1,60, HIIT         ,18.144,1.9,15.02
43, Male   ,102.6,1.72,58,2,1,50, Strength     ,46.106,2,34.68
19, Male   ,110.8,1.91,54,2,1,80, Strength     ,35.414,2.9,30.37
18, Female ,60.9,1.79,69,2,1,70, Cardio       ,21.552,2.1,19.01
54, Male   ,55.2,1.71,67,2,1,50, Cardio       ,29.676,2.8,18.88
58, Male   ,74.6,1.75,58,2,1,70, HIIT         ,37.172,2.9,24.36
52, Male   ,45.1,1.72,70,2,1,60, Cardio       ,24.848,3.3,15.24
50, Male   ,50.6,1.69,60,2,1,80, Cardio       ,27.364,3,17.72
53, Male   ,125.1,1.91,70,2,1,30, Strength     ,47.938,3.1,34.29
55, Female ,79.7,1.66,68,2,1,60, Cardio       ,41.954,1.9,28.92
57, Male   ,126.8,1.63,73,2,1,60, Yoga         ,64.974,2.1,47.72
19, Female ,58.8,1.77,53,2,1,80, HIIT         ,21.494,2.7,18.77
50, Male   ,90,1.7,74,2,1,50, Cardio       ,43.468,2.7,31.14
50, Male   ,51.5,1.71,64,2,1,90, Yoga         ,27.232,2.9,17.61
38, Male   ,91.5,1.77,74,2,1,50, Yoga         ,38.392,3.4,29.21
37, Male   ,48.7,1.67,74,2,1,80, Yoga         ,24.062,3,17.46
20, Male   ,128.4,1.92,57,2,1,40, Cardio       ,40.996,2,34.83
39, Male   ,105.5,1.99,71,2,1,50, HIIT         ,35.538,2.5,26.64
55, Female ,42.9,1.69,56,2,1,50, Yoga         ,25.274,2.4,15.02
25, Male   ,112.4,1.96,72,2,1,90, Cardio       ,35.462,2.5,29.26
50, Male   ,101.7,1.67,57,2,1,30, HIIT         ,49.864,2.9,36.47
50, Male   ,87.4,1.6,67,2,1,50, Strength     ,47.068,3.1,34.14
34, Female ,69.2,1.53,59,2,1,80, HIIT         ,37.892,2.1,29.56
58, Male   ,109.7,1.75,54,2,1,60, HIIT         ,50.924,2.7,35.82
54, Male   ,78.4,1.9,72,2,1,50, Yoga         ,33.084,3.7,21.72
50, Female ,66.3,1.57,73,2,1,80, HIIT         ,38.38,1.6,26.9
40, Male   ,63.8,1.62,72,2,1,80, HIIT         ,32.972,3.4,24.31
42, Female ,57.5,1.67,55,2,1,70, Yoga         ,29.004,2.4,20.62
39, Female ,63.6,1.56,66,2,1,70, Strength     ,34.926,2.4,26.13
40, Male   ,73.2,1.94,69,2,1,50, Strength     ,27.14,2.4,19.45
19, Female ,48.3,1.52,56,2,1,60, Strength     ,24.062,1.6,20.91
34, Male   ,110.5,1.86,62,2,1,90, Cardio       ,40.748,3.6,31.94
30, Male   ,64.1,1.87,67,2,1,40, Yoga         ,23.496,2.1,18.33
33, Male   ,113.6,1.99,58,2,1,80, Strength     ,36.618,3.4,28.69
29, Male   ,95.2,1.86,52,2,1,40, Yoga         ,34.294,2.5,27.52
23, Male   ,107,1.94,73,2,1,80, HIIT         ,34.006,2.9,28.43
32, Male   ,68.3,1.92,54,2,1,90, Strength     ,24.196,3.5,18.53
23, Female ,71.4,1.72,74,2,1,80, Strength     ,28.846,1.5,24.13
52, Male   ,104.8,1.99,67,2,1,60, Cardio       ,38.312,2,26.46
33, Female ,68.2,1.75,71,2,1,50, Strength     ,28.914,1.7,22.27
59, Female ,42.1,1.65,59,2,1,70, Strength     ,26.722,2.2,15.46
54, Female ,66.9,1.74,62,2,1,70, HIIT         ,33.54,2.1,22.1
43, Male   ,66.3,1.85,58,2,1,70, Cardio       ,27.734,3.2,19.37
20, Female ,51.1,1.58,64,2,1,30, Yoga         ,23.764,1.6,20.47
29, Male   ,81.7,1.99,54,2,1,90, Strength     ,26.026,3.2,20.63
43, Female ,42.7,1.66,53,2,1,40, Yoga         ,23.09,1.9,15.5
39, Male   ,107.7,1.88,59,2,1,40, Strength     ,40.134,3.6,30.47
43, Male   ,95.9,1.85,64,2,1,80, Yoga         ,38.114,3.4,28.02
38, Female ,40.6,1.79,55,2,1,40, Cardio       ,18.544,2.7,12.67
27, Female ,58,1.79,73,2,1,80, Cardio       ,22.53,1.5,18.1
45, Female ,65.5,1.57,59,2,1,40, Cardio       ,36.834,2.3,26.57
44, Female ,48,1.76,52,2,1,50, Yoga         ,23.32,2.6,15.5
37, Female ,69.5,1.5,66,2,1,40, Cardio       ,40.178,2.4,30.89
41, Male   ,66.1,1.69,68,2,1,50, Yoga         ,31.798,3.4,23.14
29, Male   ,68,1.7,60,2,1,50, HIIT         ,29.506,2.9,23.53
52, Male   ,50.3,1.78,67,2,1,50, HIIT         ,25.616,2.3,15.88
50, Female ,69.3,1.68,51,2,1,70, HIIT         ,35.56,2,24.55
27, Male   ,76.5,1.97,61,2,1,70, Strength     ,24.462,2.3,19.71
30, Male   ,67.9,1.75,67,2,1,80, Yoga         ,28.104,3.1,22.17
19, Male   ,98.6,1.7,74,2,1,50, Cardio       ,39.914,2.4,34.12
46, Female ,52,1.65,63,2,1,40, Cardio       ,28.1,1.9,19.1
58, Male   ,58.6,1.66,60,2,1,70, HIIT         ,33.464,2.9,21.27
46, Male   ,54.4,1.72,73,2,1,60, Cardio       ,27.248,2.9,18.39
35, Male   ,102.5,1.94,64,2,1,50, Cardio       ,35.326,2.4,27.23
56, Male   ,118,1.9,68,2,1,40, HIIT         ,46.708,3.2,32.69
54, Female ,46.6,1.5,58,2,1,80, Strength     ,31.872,2,20.71
40, Male   ,52.1,1.61,70,2,1,50, HIIT         ,27.92,3.3,20.1
42, Female ,46.6,1.77,63,2,1,40, Yoga         ,22.104,2.6,14.87
34, Male   ,65.9,1.62,56,2,1,50, Yoga         ,32.552,2.2,25.11
37, Female ,55.6,1.57,53,2,1,60, Cardio       ,30.182,2.4,22.56
42, Male   ,63.7,1.98,69,2,1,80, Yoga         ,23.76,3,16.25
29, Female ,60,1.62,69,2,1,50, Strength     ,28.702,1.9,22.86
26, Male   ,73.7,1.66,72,2,1,60, Yoga         ,32.68,2.2,26.75
31, Female ,48.2,1.65,60,2,1,70, Cardio       ,22.97,2.5,17.7
22, Male   ,98.4,1.88,71,2,1,30, Cardio       ,33.068,2.2,27.84
40, Female ,58.1,1.56,63,2,1,40, Yoga         ,32.444,2.2,23.87
27, Male   ,106.4,1.86,50,2,1,80, Cardio       ,37.722,3.1,30.76
26, Male   ,111.5,1.9,57,2,1,60, Yoga         ,37.648,2.2,30.89
44, Female ,72.1,1.66,55,2,1,80, Strength     ,36.112,2.5,26.16
39, Male   ,85.3,1.89,61,2,1,50, Strength     ,32.226,3.6,23.88
34, Male   ,68,1.68,57,2,1,40, Cardio       ,31.328,3.4,24.09
24, Female ,52.6,1.57,60,2,1,80, HIIT         ,25.728,2.4,21.34
23, Female ,67.8,1.61,66,2,1,80, HIIT         ,31.282,1.8,26.16
56, Female ,67.7,1.58,52,2,1,90, Strength     ,40.024,1.9,27.12
56, Female ,50.6,1.7,58,2,1,80, Strength     ,28.492,2.3,17.51
45, Female ,41.2,1.58,71,2,1,90, HIIT         ,24.75,2.6,16.5
23, Male   ,108.6,1.92,50,2,1,50, Yoga         ,35.242,3.5,29.46
37, Female ,73.5,1.69,66,2,1,30, Cardio       ,33.986,1.6,25.73
31, Female ,63.2,1.8,66,2,1,40, Cardio       ,25.142,2.6,19.51
25, Female ,77.7,1.55,52,2,1,30, Yoga         ,39.158,1.7,32.34
25, Female ,47.2,1.71,56,2,1,50, Cardio       ,19.718,2.5,16.14
23, Male   ,121.3,1.85,53,2,1,40, Yoga         ,42.418,3.6,35.44
49, Female ,78.9,1.73,64,2,1,80, Cardio       ,37.502,2.3,26.36
43, Female ,53.1,1.59,72,2,1,50, Strength     ,29.69,2.5,21
39, Female ,50.3,1.61,50,2,1,70, HIIT         ,26.862,2.5,19.41
30, Male   ,62.9,1.92,70,2,1,70, HIIT         ,21.972,3.6,17.06
51, Female ,74.6,1.55,50,2,1,40, Cardio       ,43.59,2.1,31.05
52, Female ,52.1,1.67,52,2,1,90, Yoga         ,28.976,1.5,18.68
18, Female ,72.2,1.54,54,2,1,60, Strength     ,35.268,1.7,30.44
45, Female ,50.9,1.65,50,2,1,90, Strength     ,27.39,2.3,18.7
27, Male   ,61.6,1.8,72,2,1,90, Yoga         ,23.622,3.1,19.01
51, Male   ,60.7,1.71,60,2,1,70, Strength     ,31.242,2.5,20.76
56, Male   ,93.6,1.66,52,2,1,80, Strength     ,48.244,2.2,33.97
51, Male   ,49.3,1.61,55,2,1,80, Cardio       ,29.154,2.9,19.02
32, Male   ,65.2,1.62,63,2,1,40, Cardio       ,31.768,3.4,24.84
34, Male   ,115.3,1.81,67,2,1,80, Yoga         ,44.648,2.2,35.19
51, Female ,77.3,1.58,68,2,1,60, Cardio       ,43.482,2,30.96
23, Female ,64.5,1.7,72,2,1,30, Cardio       ,26.674,1.7,22.32
33, Female ,53.6,1.52,73,2,1,60, Cardio       ,30.03,2.3,23.2
21, Female ,54.9,1.78,71,2,1,30, HIIT         ,20.226,2,17.33
20, Female ,46.5,1.68,72,2,1,60, HIIT         ,18.976,2.4,16.48
20, Male   ,83,1.8,73,2,1,50, Yoga         ,29.944,2.9,25.62
35, Male   ,101.4,1.76,64,2,1,50, HIIT         ,41.938,2.9,32.74
39, Male   ,71.7,1.88,51,2,1,30, Cardio       ,27.918,2.2,20.29
58, Male   ,90.2,1.72,55,2,1,50, HIIT         ,44.528,2.1,30.49
26, Female ,72.8,1.67,50,2,1,80, Strength     ,31.9,1.9,26.1
39, Female ,56,1.6,69,2,1,50, Yoga         ,29.814,2,21.87
43, Male   ,94,1.79,62,2,1,80, HIIT         ,39.698,3.4,29.34
31, Male   ,70.2,1.98,61,2,1,40, Yoga         ,23.222,2.5,17.91
45, Female ,50.4,1.79,59,2,1,40, Cardio       ,23.826,2.5,15.73
40, Male   ,81.7,1.74,58,2,1,60, Yoga         ,36.188,2.7,26.99
31, Male   ,49.3,1.62,52,2,1,30, Strength     ,24.278,3.2,18.79
31, Male   ,75.5,1.93,68,2,1,40, Cardio       ,26.054,3.4,20.27
52, Male   ,116.5,1.69,51,2,1,30, Cardio       ,55.508,2.4,40.79
54, Female ,58.4,1.59,73,2,1,70, Cardio       ,34.74,1.9,23.1
42, Male   ,79.3,1.93,50,2,1,70, Cardio       ,29.808,3.3,21.29
20, Female ,44.2,1.61,69,2,1,70, HIIT         ,19.66,2.5,17.05
58, Female ,56.5,1.7,57,2,1,40, Yoga         ,31.4,2.7,19.55
35, Male   ,100.9,1.63,59,2,1,70, Cardio       ,48.226,3.1,37.98
51, Male   ,48.6,1.77,74,2,1,90, Strength     ,24.942,3.5,15.51
43, Female ,70.1,1.66,58,2,1,60, Strength     ,35.018,2.6,25.44
51, Male   ,102.6,1.77,59,2,1,70, HIIT         ,45.63,3.4,32.75
38, Female ,76.6,1.58,53,2,1,40, Yoga         ,40.156,2.3,30.68
21, Male   ,93.7,1.73,72,2,1,60, Cardio       ,37.002,3.6,31.31
47, Male   ,127.1,1.76,73,2,1,40, Strength     ,54.646,3,41.03
37, Female ,70.3,1.77,52,2,1,60, Strength     ,30.038,1.7,22.44
21, Male   ,101.2,1.84,50,2,1,80, Yoga         ,35.298,3.3,29.89
47, Male   ,127.8,1.65,60,2,1,50, Cardio       ,61.738,3.5,46.94
55, Female ,49.3,1.76,73,2,1,80, Strength     ,26.354,2,15.92
28, Female ,63,1.62,55,2,1,40, Strength     ,29.852,1.9,24.01
22, Male   ,71,1.62,68,2,1,60, HIIT         ,32.12,3.5,27.05
54, Female ,70.1,1.52,65,2,1,50, HIIT         ,43.428,2.1,30.34
50, Female ,70.4,1.55,58,2,1,40, Strength     ,41.26,2.7,29.3
30, Male   ,120.3,1.96,65,2,1,40, Yoga         ,39.084,2.6,31.32
18, Female ,66.9,1.75,61,2,1,60, Yoga         ,24.948,1.7,21.84
34, Male   ,102.1,1.71,72,2,1,60, HIIT         ,44.324,3.2,34.92
26, Male   ,51.9,2,54,2,1,50, HIIT         ,16.144,2.3,12.97
41, Male   ,101.1,1.83,66,2,1,50, Yoga         ,40.258,3.2,30.19
52, Male   ,84.8,1.85,50,2,1,70, Cardio       ,36.296,3.2,24.78
26, Female ,71.2,1.5,54,2,1,70, Cardio       ,38.548,2.6,31.64
25, Female ,63.8,1.68,67,2,1,60, Cardio       ,27.47,1.9,22.6
22, Male   ,107.4,1.74,63,2,1,80, Strength     ,42.224,2.2,35.47
36, Female ,59.1,1.78,60,2,1,50, Cardio       ,25.26,2.2,18.65
43, Male   ,46.2,1.63,65,2,1,70, Strength     ,25.358,2.1,17.39
49, Male   ,57.2,1.89,62,2,1,70, Cardio       ,25.082,3.5,16.01
57, Female ,43.8,1.75,73,2,1,80, Cardio       ,24.87,1.7,14.3
23, Female ,44.1,1.62,58,2,1,40, Yoga         ,20.05,2.7,16.8
25, Male   ,66.6,1.61,56,2,1,80, Strength     ,31.178,3,25.69
46, Male   ,88.7,1.63,66,2,1,50, Strength     ,45.236,3.5,33.38
25, Male   ,53.2,1.7,56,3,1,40, Strength     ,22.442,2.1,18.41
38, Male   ,46.1,1.79,68,3,1,40, Strength     ,20.608,2.8,14.39
36, Male   ,70.3,1.72,73,3,2,90, Cardio       ,31.392,2.3,23.76
40, Female ,69.7,1.51,64,3,2,80, Cardio       ,40.484,1.9,30.57
28, Male   ,101.8,1.84,64,3,1,70, Cardio       ,37.124,2.7,30.07
53, Male   ,51.7,1.7,72,3,2,70, HIIT         ,28.258,3.5,17.89
57, Male   ,112.5,1.61,61,3,2,70, Cardio       ,59.79,2.7,43.4
41, Male   ,94.5,2,69,3,1,70, HIIT         ,32.374,3.7,23.62
20, Male   ,117.7,1.81,54,3,2,80, Yoga         ,42.316,3.3,35.93
19, Female ,64,1.53,58,3,2,80, HIIT         ,31.778,2.3,27.34
41, Female ,43.8,1.77,58,3,1,70, Cardio       ,20.806,1.6,13.98
47, Female ,66.8,1.75,56,3,2,70, Strength     ,31.582,2.5,21.81
42, Female ,63.7,1.71,62,3,2,90, Yoga         ,30.396,1.8,21.78
33, Female ,78,1.68,55,3,2,80, HIIT         ,35.358,1.8,27.64
32, Male   ,108.2,1.8,53,3,1,80, HIIT         ,42.04,3.5,33.4
26, Male   ,127.6,1.73,62,3,1,80, Strength     ,51.736,2.9,42.63
35, Male   ,96.9,1.71,72,3,2,80, Strength     ,42.418,2.9,33.14
42, Male   ,45.5,1.6,64,3,2,80, Strength     ,25.584,2.6,17.77
26, Female ,44.3,1.6,61,3,1,70, Cardio       ,21.34,2,17.3
45, Male   ,52.4,1.85,73,3,1,70, Strength     ,23.322,2.5,15.31
24, Male   ,54.7,1.74,53,3,1,50, Yoga         ,21.804,3.6,18.07
52, Female ,59.7,1.71,58,3,1,70, Strength     ,31.064,2,20.42
34, Female ,51,1.62,53,3,2,90, Yoga         ,25.736,2.4,19.43
57, Male   ,122.1,1.89,58,3,1,70, Cardio       ,48.726,3.6,34.18
21, Male   ,96.7,1.72,62,3,1,80, Strength     ,38.658,2.8,32.69
19, Female ,73,1.79,61,3,1,50, HIIT         ,26.306,1.6,22.78
59, Female ,65.5,1.52,61,3,2,80, Yoga         ,42.19,2.1,28.35
21, Female ,50.3,1.52,67,3,1,70, Cardio       ,25.554,2.6,21.77
43, Female ,58.2,1.61,54,3,2,60, Strength     ,31.43,2.6,22.45
53, Male   ,51.8,1.74,61,3,2,70, Strength     ,27.322,3.7,17.11
25, Female ,65.4,1.77,58,3,1,50, Cardio       ,25.406,2.6,20.88
38, Female ,61.4,1.54,69,3,2,90, HIIT         ,34.408,2.7,25.89
35, Male   ,70.1,1.79,63,3,2,70, Cardio       ,28.906,2.3,21.88
43, Male   ,55.5,1.82,66,3,1,70, Strength     ,24.602,2,16.76
42, Female ,53.7,1.72,74,3,1,80, Cardio       ,26.04,1.6,18.15
24, Female ,72.9,1.76,68,3,1,50, Yoga         ,28.356,1.5,23.53
41, Male   ,72.1,1.83,58,3,2,70, Yoga         ,29.866,2.8,21.53
25, Male   ,105,1.88,67,3,2,80, Cardio       ,36.002,2.3,29.71
52, Male   ,74,1.63,50,3,2,80, Cardio       ,39.98,3.7,27.85
50, Female ,56.4,1.59,74,3,1,80, HIIT         ,32.872,2.6,22.31
22, Male   ,102.6,1.84,65,3,2,80, Strength     ,36.02,2.7,30.3
59, Female ,54.6,1.57,64,3,1,40, Cardio       ,34.75,2.3,22.15
58, Male   ,103.5,1.66,61,3,1,80, Cardio       ,53.012,3.1,37.56
26, Male   ,77.7,1.62,73,3,2,70, Yoga         ,36.112,3,29.61
29, Male   ,58.6,1.61,72,3,2,70, Yoga         ,28.402,2,22.61
51, Male   ,109.3,1.78,64,3,1,30, Strength     ,47.73,3.3,34.5
50, Male   ,69.6,1.96,68,3,1,60, Strength     ,27.844,2,18.12
52, Female ,79.4,1.59,59,3,2,80, Strength     ,44.252,1.5,31.41
39, Female ,55.4,1.6,72,3,2,90, HIIT         ,29.538,1.6,21.64
54, Male   ,67,1.68,63,3,1,30, Yoga         ,35.508,2.8,23.74
31, Female ,42.3,1.6,70,3,2,70, Cardio       ,21.554,1.9,16.52
31, Male   ,86.6,1.76,66,3,2,80, Strength     ,35.282,3.3,27.96
32, Male   ,78.6,1.62,69,3,1,80, Yoga         ,37.9,3.1,29.95
59, Male   ,122.3,1.89,51,3,1,40, Yoga         ,49.258,3.1,34.24
49, Female ,45.2,1.74,73,3,2,70, Strength     ,23.786,2.1,14.93
56, Male   ,55.6,1.92,62,3,1,40, Strength     ,25.576,3.2,15.08
21, Male   ,125.2,1.66,60,3,2,80, HIIT         ,53.946,3.4,45.43
40, Female ,63.5,1.61,59,3,2,80, Cardio       ,33.2,1.6,24.5
53, Male   ,94.1,1.95,50,3,1,50, HIIT         ,36.49,3.5,24.75
39, Male   ,62,1.64,54,3,1,60, Cardio       ,31.23,3.2,23.05
19, Female ,73.9,1.77,64,3,2,80, Strength     ,27.278,2.6,23.59
59, Male   ,50.3,1.95,55,3,1,60, Strength     ,24.046,3.4,13.23
23, Male   ,83.1,1.8,56,3,1,40, Strength     ,30.67,3.1,25.65
45, Female ,65.1,1.78,66,3,1,90, Cardio       ,29.61,2.3,20.55
45, Male   ,46.6,1.79,55,3,2,90, Yoga         ,22.398,2.4,14.54
28, Female ,52,1.61,70,3,2,80, Yoga         ,25.112,2,20.06
50, Female ,67.1,1.75,59,3,1,40, Cardio       ,32.392,2.7,21.91
44, Female ,69.5,1.75,69,3,1,60, HIIT         ,31.948,2.1,22.69
30, Male   ,107.9,1.66,64,3,2,70, Cardio       ,48.492,2.8,39.16
58, Male   ,109,1.91,56,3,2,90, Yoga         ,43.796,2.2,29.88
20, Male   ,101,1.91,58,3,2,80, Cardio       ,32.428,2.7,27.69
26, Female ,54,1.53,54,3,1,70, Strength     ,28.264,1.7,23.07
59, Male   ,89.4,1.72,67,3,1,70, Yoga         ,44.434,3.2,30.22
49, Female ,42,1.52,70,3,1,70, HIIT         ,27.686,2.2,18.18
49, Male   ,79.2,1.72,69,3,1,90, Yoga         ,37.994,3.3,26.77
41, Male   ,64.8,1.71,54,3,2,70, Strength     ,30.622,2.8,22.16
29, Female ,56.2,1.77,61,3,1,40, Yoga         ,22.798,2.6,17.94
56, Female ,52.9,1.64,53,3,2,70, Cardio       ,31.084,2.3,19.67
19, Female ,49,1.69,64,3,1,60, Yoga         ,19.562,2.4,17.16
20, Male   ,128.2,1.84,58,3,1,50, HIIT         ,44.644,2.3,37.87
49, Female ,62.1,1.66,73,3,2,80, HIIT         ,32.918,1.8,22.54
36, Male   ,69.2,1.65,65,3,1,70, Strength     ,33.384,2.7,25.42
19, Female ,65.2,1.52,71,3,1,70, Cardio       ,32.834,2.4,28.22
49, Female ,40,1.65,74,3,2,60, Yoga         ,23.498,2.5,14.69
23, Female ,41.9,1.58,67,3,1,30, HIIT         ,20.026,1.8,16.78
28, Male   ,66,1.9,56,3,1,70, HIIT         ,22.976,3,18.28
22, Female ,71.6,1.77,56,3,1,90, Yoga         ,27.08,1.8,22.85
28, Male   ,87,1.76,60,3,2,70, Yoga         ,34.748,3.5,28.09
33, Female ,78,1.71,58,3,1,70, Cardio       ,34.194,2.1,26.67
20, Female ,71.3,1.69,52,3,2,80, Strength     ,29.152,2.3,24.96
37, Male   ,49.1,1.74,52,3,2,70, Yoga         ,22.574,2.6,16.22
53, Female ,78.3,1.65,50,3,1,70, HIIT         ,41.302,1.6,28.76
37, Female ,72.9,1.76,52,3,2,70, Strength     ,31.346,1.9,23.53
24, Female ,58.9,1.76,73,3,1,40, HIIT         ,22.932,1.7,19.01
50, Male   ,96.7,1.72,62,3,2,90, Strength     ,45.328,2.7,32.69
56, Male   ,107.8,1.73,50,3,2,70, Yoga         ,50.704,2.8,36.02
28, Male   ,76.3,1.62,70,3,2,70, Strength     ,35.924,2.3,29.07
45, Female ,44.5,1.65,71,3,1,90, Yoga         ,24.57,1.6,16.35
42, Female ,50.7,1.75,51,3,2,80, Strength     ,24.132,1.9,16.56
59, Male   ,86.9,1.76,60,3,2,70, Strength     ,41.83,3.1,28.05
29, Male   ,55.7,1.61,51,3,1,90, Strength     ,27.058,2.3,21.49
22, Male   ,110.5,1.92,55,3,2,70, HIIT         ,35.636,3.3,29.98
26, Female ,70.9,1.66,68,3,1,50, HIIT         ,31.456,1.7,25.73
36, Male   ,99.9,1.99,73,3,1,80, Yoga         ,33.156,2.5,25.23
33, Male   ,117,1.61,55,3,2,60, HIIT         ,56.358,2.4,45.14
37, Female ,71.2,1.64,73,3,2,70, HIIT         ,34.874,1.7,26.47
25, Male   ,49.9,1.98,68,3,2,70, Yoga         ,15.626,2.1,12.73
37, Female ,54.6,1.57,62,3,1,80, Strength     ,29.69,2.4,22.15
52, Female ,47.8,1.54,63,3,2,80, Cardio       ,30.752,1.9,20.16
42, Male   ,97.9,1.91,73,3,2,60, Strength     ,36.468,2.8,26.84
52, Female ,63.1,1.54,67,3,2,80, Strength     ,38.492,1.8,26.61
42, Female ,72.4,1.69,61,3,2,60, Yoga         ,34.68,2.3,25.35
52, Male   ,105.2,1.62,61,3,1,80, HIIT         ,54.668,3.2,40.09
33, Female ,45.9,1.5,62,3,1,60, Yoga         ,26.67,1.7,20.4
58, Female ,65.2,1.63,53,3,2,70, HIIT         ,37.388,2,24.54
25, Female ,57.8,1.56,66,3,2,80, Yoga         ,28.85,1.6,23.75
24, Female ,42,1.75,55,3,1,50, Strength     ,16.572,2.3,13.71
34, Female ,74.2,1.57,52,3,1,90, Cardio       ,38.54,2.4,30.1
44, Female ,77.7,1.79,53,3,1,90, HIIT         ,33.82,2.2,24.25
51, Female ,70.3,1.55,54,3,1,80, Yoga         ,41.442,1.6,29.26
38, Female ,59.1,1.72,68,3,2,60, Cardio       ,27.316,1.7,19.98
47, Female ,49.9,1.69,64,3,2,90, HIIT         ,26.374,1.7,17.47
45, Male   ,93,1.91,55,3,2,60, Cardio       ,35.538,3.7,25.49
52, Male   ,72.3,1.94,56,3,2,90, Yoga         ,29.612,2.9,19.21
46, Male   ,55.1,1.72,66,3,2,90, Yoga         ,27.524,3.6,18.62
38, Male   ,61.3,1.97,51,3,1,80, Cardio       ,22.3,2.8,15.8
20, Female ,74.7,1.58,62,3,2,60, Strength     ,35.104,2.4,29.92
59, Female ,60.7,1.73,55,3,2,60, Yoga         ,32.506,2.5,20.28
48, Male   ,69,1.74,58,3,2,90, HIIT         ,32.988,2.3,22.79
57, Female ,75.7,1.63,60,3,1,40, Cardio       ,41.898,2.3,28.49
41, Female ,71.2,1.64,54,3,2,90, HIIT         ,35.794,2.3,26.47
44, Female ,42.8,1.78,64,3,2,90, Strength     ,20.932,2.6,13.51
59, Male   ,88.1,1.76,74,3,2,80, Strength     ,42.298,3,28.44
43, Male   ,73.2,1.88,63,3,1,70, Cardio       ,29.342,3.3,20.71
57, Female ,46.1,1.76,60,3,2,90, Strength     ,25.566,1.7,14.88
56, Female ,45.1,1.73,73,3,1,50, Strength     ,25.564,2.6,15.07
46, Male   ,45,1.77,58,3,2,90, Cardio       ,22.412,3.6,14.36
59, Male   ,89.4,1.62,59,3,2,90, Strength     ,49.042,3.6,34.06
43, Male   ,127.7,1.69,53,3,2,70, Cardio       ,58.142,2.9,44.71
52, Male   ,70.9,1.72,66,3,2,80, Strength     ,35.324,2.6,23.97
42, Female ,49.2,1.5,63,3,2,70, HIIT         ,30.504,1.5,21.87
24, Female ,69.7,1.75,60,3,1,90, Cardio       ,27.432,2,22.76
53, Female ,56.9,1.59,65,3,2,90, HIIT         ,33.802,2,22.51
18, Female ,72.7,1.55,56,3,1,50, Cardio       ,35.052,2,30.26
25, Male   ,76.5,1.96,59,3,1,40, Strength     ,24.242,2.3,19.91
40, Male   ,51.7,1.82,71,3,1,50, Strength     ,22.532,3,15.61
32, Male   ,105.3,1.67,72,3,1,30, Cardio       ,47.272,2.9,37.76
45, Female ,71.2,1.68,63,3,1,80, Strength     ,35.226,1.6,25.23
51, Female ,78.1,1.51,74,3,1,60, Strength     ,47.43,2.6,34.25
19, Female ,50.6,1.68,64,3,2,70, Yoga         ,20.486,2.1,17.93
49, Male   ,70.2,1.89,51,3,1,40, Yoga         ,29.45,2.6,19.65
39, Female ,60.6,1.65,63,3,1,60, HIIT         ,30.282,1.7,22.26
42, Male   ,76.4,1.97,65,3,2,70, HIIT         ,27.888,2.6,19.69
39, Female ,68.6,1.64,53,3,2,80, Cardio       ,34.182,1.5,25.51
25, Female ,74.3,1.71,64,3,2,90, Yoga         ,30.842,1.6,25.41
49, Male   ,77.7,1.61,50,3,2,60, Strength     ,41.846,3.4,29.98
30, Male   ,91.4,1.99,60,3,2,80, HIIT         ,29.196,3.7,23.08
47, Female ,68.7,1.76,66,3,2,80, Strength     ,32.026,2.4,22.18
34, Male   ,92,1.76,73,3,1,40, Yoga         ,38.06,3.5,29.7
40, Male   ,93.6,1.93,60,3,1,80, Cardio       ,33.956,2,25.13
42, Female ,42.7,1.74,71,3,1,60, Strength     ,21.18,1.6,14.1
18, Female ,67.4,1.6,71,3,1,40, Strength     ,30.336,2.4,26.33
56, Male   ,125.3,1.86,64,3,2,60, Yoga         ,50.944,2.2,36.22
39, Male   ,61.9,1.77,69,3,1,80, Strength     ,27.282,2.3,19.76
46, Male   ,108.8,1.64,63,3,1,80, Strength     ,53.72,3.4,40.45
46, Female ,56.9,1.6,65,3,1,50, Cardio       ,31.856,1.6,22.23
22, Female ,50.7,1.59,66,3,2,80, Strength     ,23.72,1.8,20.05
53, Male   ,105.1,1.84,62,3,1,40, Cardio       ,44.038,2.9,31.04
40, Male   ,58.2,1.98,74,3,2,90, Cardio       ,21.62,2.5,14.85
27, Female ,69.5,1.76,66,3,1,60, Strength     ,27.738,2,22.44
22, Male   ,62.2,1.84,65,3,1,30, Strength     ,21.704,2.3,18.37
51, Female ,56.3,1.5,66,3,1,90, Cardio       ,36.354,2.4,25.02
48, Male   ,94.5,1.7,64,3,2,60, Cardio       ,44.88,3.5,32.7
22, Male   ,45.7,1.77,73,3,1,60, HIIT         ,17.168,2.4,14.59
41, Male   ,67,1.77,50,3,2,70, HIIT         ,29.698,2.6,21.39
49, Male   ,105.7,1.64,59,3,2,70, Cardio       ,53.03,3.1,39.3
54, Male   ,125.9,1.94,73,3,2,80, Strength     ,47.16,2.9,33.45
20, Male   ,124.3,1.82,63,3,2,80, Cardio       ,44.236,3.2,37.53
18, Male   ,62,1.85,53,3,1,50, Strength     ,20.484,3,18.12
57, Female ,60.9,1.52,66,3,2,80, Strength     ,39.342,1.8,26.36
46, Male   ,94.7,1.82,69,3,2,90, Cardio       ,39.488,3.2,28.59
52, Female ,68.2,1.63,67,3,1,70, Strength     ,37.364,2.4,25.67
34, Male   ,124.6,1.63,66,3,2,90, HIIT         ,58.7,2.8,46.9
43, Female ,73,1.59,67,3,1,80, Yoga         ,39.146,2.2,28.88
43, Female ,42.2,1.65,59,3,2,80, Cardio       ,23.09,2.3,15.5
43, Male   ,110,1.76,50,3,1,70, Yoga         ,47.102,3.4,35.51
51, Female ,66.2,1.58,65,3,1,50, HIIT         ,38.154,2.3,26.52
24, Male   ,51,1.67,72,3,1,60, Strength     ,22.068,2.8,18.29
21, Male   ,101.5,1.95,69,3,1,60, Yoga         ,31.458,3.1,26.69
28, Male   ,114.2,1.87,55,3,2,60, Strength     ,40.232,3.2,32.66
53, Female ,52.4,1.57,71,3,2,80, HIIT         ,32.302,2.2,21.26
27, Male   ,71.2,1.97,73,3,1,40, HIIT         ,22.83,3.6,18.35
52, Female ,44.1,1.62,61,3,1,90, HIIT         ,26.72,1.6,16.8
40, Male   ,60.2,1.88,61,3,2,70, Cardio       ,24.236,3,17.03
49, Female ,49.2,1.54,63,3,2,80, HIIT         ,30.77,2.1,20.75
30, Female ,60.6,1.55,52,3,2,80, Strength     ,31.764,1.6,25.22
58, Female ,44.2,1.57,59,3,1,70, HIIT         ,29.456,2.3,17.93
47, Male   ,89.1,1.84,65,3,2,90, Yoga         ,36.994,3.6,26.32
24, Female ,67.7,1.56,66,3,2,90, HIIT         ,33.504,2.1,27.82
45, Male   ,78.3,1.96,62,3,1,80, Cardio       ,29.406,2.2,20.38
33, Female ,59,1.67,55,3,1,50, Cardio       ,27.582,1.9,21.16
53, Female ,53.3,1.74,54,3,2,80, Strength     ,27.91,1.8,17.6
59, Male   ,78,1.92,53,3,1,40, Cardio       ,33.562,2.7,21.16
31, Female ,42.7,1.76,65,3,1,90, Strength     ,18.266,2.2,13.78
22, Female ,78.7,1.52,74,3,2,90, Strength     ,40.532,2.3,34.06
28, Female ,62.4,1.6,62,3,2,70, Strength     ,30.284,1.7,24.37
29, Female ,54.9,1.52,72,3,1,90, Strength     ,29.782,2,23.76
26, Male   ,76.4,1.79,73,3,2,70, Strength     ,29.188,2.7,23.84
24, Female ,59.4,1.5,60,3,2,80, Yoga         ,31.8,2,26.4
30, Male   ,113.4,1.91,54,3,1,80, HIIT         ,38.796,3.7,31.08
57, Female ,61.9,1.52,51,3,1,60, HIIT         ,39.858,2.6,26.79
59, Female ,70.7,1.68,66,3,2,70, Cardio       ,38.23,1.9,25.05
19, Male   ,56.9,1.87,70,3,1,40, Cardio       ,18.494,3.7,16.27
54, Female ,75.6,1.72,60,3,1,60, Cardio       ,37.68,1.9,25.55
55, Female ,76.3,1.73,65,3,1,70, Yoga         ,37.838,2.6,25.49
36, Male   ,95.8,1.86,65,3,1,80, HIIT         ,36.108,3.2,27.69
25, Male   ,120.6,1.83,51,3,2,60, Cardio       ,43.562,2.5,36.01
18, Female ,65.3,1.55,59,3,2,90, Yoga         ,31.356,2.2,27.18
42, Male   ,63.3,1.77,59,3,2,80, HIIT         ,28.5,3.3,20.2
21, Female ,76.3,1.65,62,3,2,70, Strength     ,33.066,1.7,28.03
53, Male   ,61,1.63,74,3,1,30, Cardio       ,34.342,3.4,22.96
48, Male   ,114.9,1.86,56,3,1,80, Cardio       ,45.492,3.6,33.21
43, Male   ,61.2,1.88,68,3,1,60, Yoga         ,25.274,2.9,17.32
36, Female ,48.7,1.68,56,3,1,70, Yoga         ,23.58,1.6,17.25
20, Female ,72.6,1.73,68,3,2,80, HIIT         ,28.312,2.5,24.26
56, Male   ,48.3,1.87,51,3,1,40, HIIT         ,24.052,3.3,13.81
20, Male   ,120.5,1.73,67,3,2,60, Cardio       ,47.512,3.4,40.26
55, Male   ,129.9,1.73,60,3,1,40, Yoga         ,59.33,3.1,43.4
38, Female ,49.7,1.51,65,3,1,80, HIIT         ,29.5,2.5,21.8
33, Female ,56.4,1.54,63,3,1,60, Strength     ,30.726,1.5,23.78
54, Male   ,71.6,1.86,70,3,2,70, Yoga         ,31.86,2.2,20.7
52, Female ,70.6,1.69,65,3,1,80, HIIT         ,36.224,2.2,24.72
36, Male   ,109.8,1.62,68,3,1,50, HIIT         ,53.088,3.5,41.84
33, Female ,53.7,1.66,72,3,1,80, HIIT         ,25.578,2.5,19.49
33, Male   ,102.6,1.75,53,3,2,80, HIIT         ,42.39,2.2,33.5
45, Female ,65.4,1.68,66,3,1,50, HIIT         ,32.754,2.6,23.17
45, Female ,58.2,1.7,53,3,1,60, Yoga         ,29.118,2,20.14
25, Female ,64.4,1.71,61,3,1,70, HIIT         ,26.774,1.8,22.02
54, Male   ,86.5,1.76,68,3,2,90, Yoga         ,40.524,3.4,27.92
53, Male   ,68.5,1.97,69,3,2,80, HIIT         ,27.97,2.1,17.65
34, Female ,54.2,1.52,60,3,1,70, Cardio       ,30.572,2.2,23.46
26, Male   ,47.7,1.77,69,3,2,70, Strength     ,18.856,2.7,15.23
45, Male   ,118.4,1.95,59,3,2,60, Yoga         ,42.318,2.4,31.14
46, Female ,47.9,1.72,57,3,1,90, Cardio       ,24.608,2,16.19
30, Female ,51.5,1.74,64,3,2,70, Strength     ,21.912,2,17.01
52, Female ,79.9,1.51,54,3,1,50, Strength     ,48.608,2.6,35.04
42, Male   ,73.5,1.63,68,3,1,30, Strength     ,37.452,3.2,27.66
47, Female ,43.4,1.62,64,3,1,30, Cardio       ,25.258,2.3,16.54
22, Female ,42.8,1.56,66,3,2,90, Strength     ,20.768,2.6,17.59
18, Female ,50.7,1.53,52,3,2,80, Yoga         ,24.732,2.1,21.66
35, Male   ,59.2,1.66,59,3,1,80, Strength     ,28.426,3.2,21.48
28, Female ,78.7,1.63,59,3,2,70, Strength     ,36.584,1.8,29.62
42, Male   ,64.8,1.65,67,3,2,70, Cardio       ,32.82,2.8,23.8
58, Male   ,52,1.79,52,3,1,70, HIIT         ,27.416,3,16.23
22, Female ,58.3,1.72,63,3,2,60, Yoga         ,23.312,1.6,19.71
55, Female ,63,1.7,67,3,1,80, Strength     ,33.41,2.5,21.8
40, Female ,52.6,1.66,71,3,2,80, Strength     ,26.708,1.7,19.09
54, Male   ,116.4,2,65,3,1,70, Yoga         ,41.94,3.1,29.1
36, Female ,59.3,1.75,58,3,1,60, Strength     ,26.112,2.3,19.36
31, Female ,58.2,1.73,70,3,2,70, Yoga         ,25.07,1.8,19.45
26, Male   ,55.7,1.68,54,3,1,70, Yoga         ,24.256,2.9,19.73
18, Male   ,125.9,1.67,60,3,2,90, Yoga         ,52.908,2.2,45.14
21, Male   ,86.6,1.86,58,3,2,80, HIIT         ,29.466,2.6,25.03
18, Male   ,64.5,1.82,52,3,2,70, HIIT         ,22.104,2.4,19.47
48, Female ,73,1.59,64,3,2,70, Strength     ,40.296,2.1,28.88
25, Male   ,123.8,1.99,72,3,1,70, HIIT         ,37.862,2.6,31.26
43, Male   ,76.8,1.92,50,3,1,70, Yoga         ,29.486,2.5,20.83
20, Male   ,92.3,1.94,71,3,2,70, HIIT         ,28.624,2.1,24.52
18, Female ,66.9,1.57,63,3,2,60, Cardio       ,31.308,2.2,27.14
47, Male   ,66.2,1.71,71,3,1,90, HIIT         ,32.578,2.9,22.64
47, Female ,40,1.76,63,3,1,50, Strength     ,20.902,2.2,12.91
40, Female ,70,1.55,74,3,1,50, Yoga         ,38.768,1.5,29.14
32, Male   ,84,1.74,63,3,1,90, Strength     ,35.248,2.1,27.74
56, Male   ,109.6,1.66,66,3,2,80, Cardio       ,55.204,3.1,39.77
55, Male   ,86.4,1.77,61,3,2,60, Yoga         ,40.346,2.8,27.58
55, Female ,70.8,1.62,68,3,1,30, Strength     ,39.626,1.8,26.98
51, Male   ,115.3,1.67,55,3,2,80, Yoga         ,55.938,2.5,41.34
47, Male   ,73.9,1.8,50,3,1,80, Strength     ,32.782,3.7,22.81
32, Male   ,97.3,1.96,50,3,2,80, HIIT         ,32.356,3.4,25.33
55, Male   ,91.8,1.78,65,3,1,90, Cardio       ,42.014,3.4,28.97
50, Female ,73.6,1.55,74,3,1,50, HIIT         ,42.856,2.1,30.63
41, Male   ,47.1,1.78,65,3,1,80, Yoga         ,21.874,2.4,14.87
59, Male   ,96.7,1.71,62,3,1,30, Yoga         ,47.854,2.9,33.07
34, Female ,46.9,1.61,69,3,2,60, Strength     ,24.128,1.7,18.09
22, Female ,72.1,1.62,59,3,1,80, HIIT         ,32.624,2.1,27.47
21, Male   ,110.7,1.69,59,3,1,60, Yoga         ,45.942,2.7,38.76
27, Male   ,102.6,1.83,58,3,2,90, HIIT         ,37.578,3.5,30.64
19, Male   ,72,1.94,62,3,2,70, Yoga         ,21.926,3.2,19.13
28, Female ,69.6,1.58,50,3,2,90, Cardio       ,34.496,2,27.88
33, Male   ,45.9,1.89,50,3,2,90, Cardio       ,17.61,2.9,12.85
48, Female ,68.2,1.69,73,3,1,50, HIIT         ,34.296,2.5,23.88
28, Female ,79.6,1.59,54,3,2,90, HIIT         ,38.828,1.5,31.49
25, Female ,57.7,1.58,52,3,2,80, Yoga         ,28.082,2.2,23.11
21, Male   ,74.2,1.93,56,3,2,80, HIIT         ,23.334,2.5,19.92
42, Male   ,50.3,1.64,62,3,1,40, Strength     ,26.7,2.4,18.7
49, Male   ,57.8,1.99,67,3,1,60, HIIT         ,23.39,3.1,14.6
46, Female ,66.5,1.73,56,3,1,70, Yoga         ,31.844,2,22.22
49, Female ,70.2,1.67,50,3,1,60, Strength     ,36.074,1.8,25.17
36, Male   ,121.9,1.93,54,3,2,90, Cardio       ,42.156,3.4,32.73
45, Male   ,79.2,1.95,69,3,2,90, Yoga         ,29.946,2.8,20.83
59, Female ,75.8,1.77,53,3,1,90, Strength     ,37.198,1.8,24.19
23, Female ,47.4,1.6,50,3,1,50, Strength     ,22.114,1.6,18.52
18, Female ,57.2,1.75,74,3,2,80, Cardio       ,21.156,2.4,18.68
43, Male   ,95.7,1.77,50,3,1,70, HIIT         ,41.15,3.4,30.55
51, Male   ,59,1.65,53,3,2,70, HIIT         ,32.334,2.3,21.67
47, Male   ,45.9,1.93,65,3,2,80, Cardio       ,20.194,2,12.32
53, Female ,44.7,1.79,72,3,2,80, Yoga         ,23.53,2.1,13.95
18, Male   ,63.2,1.63,73,3,1,40, Cardio       ,27.288,2.2,23.79
52, Male   ,47.8,1.86,67,3,2,60, Yoga         ,23.144,2.8,13.82
43, Female ,72.7,1.8,50,3,1,50, Cardio       ,31.418,2.1,22.44
43, Male   ,66.5,1.83,59,3,2,70, Yoga         ,28.322,2.4,19.86
20, Male   ,74.8,1.75,73,3,2,80, Yoga         ,28.504,3.3,24.42
40, Female ,72.2,1.6,67,3,1,50, Yoga         ,37.64,1.9,28.2
55, Male   ,84.7,1.79,52,3,2,70, Cardio       ,38.966,2.4,26.43
32, Male   ,77.4,1.92,50,3,2,80, Cardio       ,27.16,3.3,21
56, Male   ,90.2,1.61,51,3,2,80, Yoga         ,49.24,2.3,34.8
56, Male   ,58.7,1.86,65,3,2,70, Cardio       ,27.844,3.3,16.97
39, Male   ,127.5,1.82,70,3,2,80, Strength     ,49.758,3,38.49
42, Female ,56.7,1.53,74,3,1,60, Strength     ,33.324,1.9,24.22
21, Female ,72.6,1.68,70,3,2,70, Cardio       ,30.294,1.8,25.72
27, Male   ,76.7,1.7,56,3,1,60, HIIT         ,32.658,2.1,26.54
59, Male   ,126.4,1.69,68,3,1,70, Strength     ,61.282,2.9,44.26
23, Female ,65.2,1.62,59,3,2,80, Cardio       ,29.698,2.5,24.84
41, Female ,66.8,1.74,57,3,1,80, Yoga         ,30.502,2.3,22.06
20, Female ,71.3,1.58,54,3,2,60, HIIT         ,33.472,1.5,28.56
57, Male   ,96.3,1.86,74,3,2,70, Strength     ,41.118,2.2,27.84
54, Female ,67.5,1.54,50,3,1,40, Cardio       ,41.172,1.5,28.46
48, Female ,52.3,1.66,71,3,1,40, Yoga         ,28.416,1.8,18.98
23, Female ,40.9,1.75,61,3,1,50, Yoga         ,15.922,2.1,13.36
32, Male   ,49.3,1.62,74,3,2,70, Strength     ,24.508,2.5,18.79
25, Female ,41.1,1.67,71,3,2,60, Yoga         ,18.038,2.4,14.74
43, Female ,40.5,1.74,51,3,2,90, HIIT         ,20.546,2.2,13.38
21, Female ,51,1.71,73,3,2,60, HIIT         ,20.358,2.2,17.44
37, Female ,73.3,1.74,65,3,2,60, Cardio       ,32.162,2.4,24.21
29, Female ,49,1.57,53,3,2,80, Yoga         ,25.126,2.6,19.88
18, Male   ,114.5,1.97,60,3,1,60, Cardio       ,34.14,2.6,29.5
55, Male   ,52.1,1.68,50,3,1,50, Yoga         ,29.402,3,18.46
53, Male   ,73.4,1.76,70,3,2,70, Yoga         ,35.23,2.8,23.7
23, Male   ,57.7,1.71,58,3,2,70, Strength     ,23.566,3.4,19.73
27, Male   ,75.7,1.76,66,3,1,40, Cardio       ,30.138,2.3,24.44
27, Male   ,104.3,1.68,62,3,2,80, Cardio       ,45.15,3.5,36.95
19, Female ,65.7,1.58,57,3,2,90, Cardio       ,30.554,1.9,26.32
57, Female ,51.9,1.57,67,3,2,60, HIIT         ,32.982,2.6,21.06
54, Male   ,78.7,1.66,55,3,2,90, Yoga         ,41.292,2.6,28.56
55, Male   ,118.6,1.72,67,3,1,50, Strength     ,55.358,2.6,40.09
47, Male   ,80,1.77,68,3,1,40, HIIT         ,36.058,3.5,25.54
22, Male   ,117.3,1.68,57,3,2,70, Yoga         ,49.532,2.7,41.56
28, Female ,72.9,1.67,74,3,2,70, Cardio       ,32.408,2.2,26.14
52, Female ,70.6,1.58,67,3,2,60, HIIT         ,40.496,2,28.28
18, Male   ,118.6,1.64,67,3,1,60, Cardio       ,51.66,2.7,44.1
57, Male   ,55.7,1.99,70,3,2,70, Strength     ,24.594,3,14.07
39, Male   ,102.3,1.94,50,3,1,50, Yoga         ,36.186,2.4,27.18
28, Female ,67.3,1.67,74,3,1,40, Strength     ,29.996,2.3,24.13
54, Female ,70.7,1.57,65,3,1,70, Cardio       ,41.436,2.1,28.68
47, Male   ,98.2,1.9,64,3,1,50, HIIT         ,38.05,3,27.2
38, Female ,45.2,1.68,58,3,2,60, HIIT         ,22.552,2.4,16.01
31, Female ,53.3,1.64,70,3,1,30, Strength     ,25.514,2.4,19.82
21, Male   ,67,1.61,74,3,2,80, Yoga         ,30.45,2.1,25.85
42, Male   ,70.2,1.87,65,3,2,80, HIIT         ,28.344,3.4,20.07
57, Female ,75.6,1.67,65,3,2,60, Cardio       ,40.242,1.8,27.11
25, Female ,62.6,1.65,61,3,1,70, Cardio       ,27.938,2.2,22.99
57, Male   ,96.1,1.74,54,3,2,70, Cardio       ,45.798,2.8,31.74
50, Female ,67.9,1.77,73,3,2,60, Yoga         ,32.104,2.4,21.67
32, Male   ,102.8,1.98,61,3,2,70, Strength     ,33.424,2.8,26.22
50, Female ,51.8,1.5,58,3,1,80, HIIT         ,33.724,2.2,23.02
34, Female ,66.5,1.69,52,3,1,50, Cardio       ,30.356,2.3,23.28
19, Female ,69.2,1.6,74,3,1,70, Cardio       ,31.406,1.6,27.03
32, Male   ,126.4,1.83,62,3,2,70, HIIT         ,47.248,2.1,37.74
56, Male   ,88.3,1.71,60,4,3,100, Yoga         ,43.72,3.5,30.2
46, Female ,74.9,1.53,66,4,2,80, HIIT         ,43.58,2.1,32
32, Female ,68.1,1.66,54,4,2,70, Cardio       ,31.612,2.3,24.71
28, Male   ,121.7,1.94,52,4,2,60, Strength     ,39.848,2.6,32.34
19, Male   ,89,1.77,72,4,2,90, Strength     ,33.062,3.7,28.41
39, Female ,64.3,1.69,58,4,2,80, HIIT         ,30.582,1.9,22.51
59, Male   ,53.9,1.75,69,4,2,90, Strength     ,29.29,2.8,17.6
20, Female ,65.4,1.52,50,4,2,60, Yoga         ,33.172,2.2,28.31
56, Female ,59.3,1.56,57,4,2,80, Cardio       ,36.724,2.6,24.37
21, Male   ,62.6,1.81,62,4,2,80, Strength     ,22.362,3.5,19.11
43, Male   ,113.2,1.83,63,4,2,90, Yoga         ,45.05,2.9,33.8
31, Female ,79.7,1.54,59,4,2,60, Cardio       ,42.062,2.3,33.61
23, Male   ,114.8,1.6,60,4,2,90, Cardio       ,53.698,2.7,44.84
46, Female ,61,1.71,61,4,3,100, Cardio       ,30.212,2.7,20.86
51, Female ,44.8,1.63,69,4,2,70, Yoga         ,26.562,2.1,16.86
31, Female ,61.1,1.76,67,4,3,110, Yoga         ,25.394,2.7,19.72
40, Male   ,106.5,1.65,74,4,2,80, HIIT         ,50.744,3.6,39.12
33, Female ,40.5,1.63,66,4,2,60, Yoga         ,20.478,1.5,15.24
41, Male   ,94.1,1.62,50,4,2,70, Cardio       ,47.062,3.1,35.86
18, Female ,54.8,1.68,71,4,2,80, Strength     ,22.044,2.2,19.42
41, Female ,55,1.55,65,4,2,90, Strength     ,31.498,2,22.89
28, Male   ,81.6,1.66,50,4,2,70, Yoga         ,36.572,3.5,29.61
25, Male   ,81.5,1.61,63,4,3,120, HIIT         ,38.078,3.5,31.44
52, Female ,61.5,1.69,63,4,3,110, Cardio       ,32.396,2.7,21.53
45, Female ,59.4,1.51,65,4,2,70, Strength     ,36.21,1.9,26.05
24, Female ,60.1,1.79,63,4,3,120, Cardio       ,22.632,2.7,18.76
25, Female ,41.2,1.62,64,4,2,90, Yoga         ,19.19,2.1,15.7
57, Female ,78.4,1.62,52,4,2,60, Strength     ,43.554,2,29.87
44, Female ,61.7,1.55,66,4,2,90, Strength     ,35.536,2.6,25.68
52, Male   ,85.5,1.82,57,4,3,110, Yoga         ,37.532,3.5,25.81
18, Male   ,87.6,1.93,72,4,3,100, HIIT         ,26.964,3.5,23.52
52, Male   ,82.4,1.72,53,4,2,60, Strength     ,39.98,2.7,27.85
22, Female ,63.2,1.54,53,4,2,60, Cardio       ,31.64,2.4,26.65
43, Male   ,82.7,1.85,50,4,2,70, Yoga         ,33.482,3.1,24.16
44, Male   ,98,1.83,56,4,2,80, Cardio       ,39.832,3.5,29.26
43, Female ,57.3,1.79,62,4,3,120, Yoga         ,25.946,2.7,17.88
47, Female ,58.5,1.79,71,4,2,90, Yoga         ,27.322,2.4,18.26
46, Female ,60.1,1.65,69,4,3,100, Cardio       ,31.676,2.7,22.08
30, Female ,79.2,1.62,66,4,2,80, Cardio       ,37.716,2.5,30.18
24, Female ,62.9,1.79,59,4,2,90, Cardio       ,23.676,2.3,19.63
45, Male   ,88.5,1.78,67,4,3,90, HIIT         ,38.466,3.5,27.93
47, Female ,61.9,1.54,61,4,3,120, Yoga         ,36.73,2.7,26.1
42, Male   ,62.9,1.98,61,4,2,90, Yoga         ,23.508,3.4,16.04
56, Female ,40.4,1.8,72,4,2,70, Cardio       ,22.444,2.1,12.47
56, Male   ,88.5,1.85,59,4,3,90, Cardio       ,38.512,3.5,25.86
23, Male   ,80.9,1.8,59,4,3,90, Cardio       ,29.854,3.5,24.97
25, Female ,43.1,1.62,65,4,2,60, HIIT         ,20.054,1.8,16.42
41, Male   ,51.5,1.8,60,4,2,70, Strength     ,23.11,2.1,15.9
58, Female ,63,1.78,73,4,3,100, HIIT         ,31.796,2.7,19.88
19, Male   ,85.9,1.85,62,4,3,100, Strength     ,29.09,3.5,25.1
45, Male   ,51.1,1.87,57,4,2,90, Cardio       ,22.482,3.4,14.61
54, Male   ,114.9,1.92,71,4,2,70, HIIT         ,44.424,2.6,31.17
50, Male   ,57.1,1.91,68,4,2,70, Yoga         ,24.88,2.7,15.65
18, Male   ,68.1,1.8,50,4,2,70, Yoga         ,23.964,3.3,21.02
49, Female ,68.3,1.52,60,4,2,90, Strength     ,41.342,1.8,29.56
21, Male   ,88.4,1.6,67,4,3,100, HIIT         ,40.866,3.5,34.53
34, Male   ,71.9,1.64,67,4,2,80, Cardio       ,34.496,2.1,26.73
55, Male   ,75.6,1.71,57,4,2,60, Strength     ,38.27,2,25.85
51, Female ,57.4,1.77,72,4,2,70, Yoga         ,28.314,2.1,18.32
23, Male   ,83.8,1.99,71,4,3,110, Cardio       ,25.282,3.5,21.16
33, Female ,65.3,1.71,74,4,2,70, HIIT         ,28.986,2.5,22.33
50, Male   ,45.4,1.67,62,4,2,80, Yoga         ,25.636,2.8,16.28
26, Male   ,87.1,1.87,58,4,3,100, Yoga         ,30.472,3.5,24.91
23, Female ,78.6,1.73,56,4,2,90, HIIT         ,31.402,1.5,26.26
46, Female ,58,1.53,62,4,3,110, Cardio       ,34.916,2.7,24.78
36, Female ,57.3,1.64,70,4,2,70, Strength     ,28.44,1.8,21.3
20, Male   ,76.4,1.62,51,4,2,80, Cardio       ,34.132,2.6,29.11
49, Male   ,82.1,1.86,64,4,3,110, Strength     ,34.346,3.5,23.73
58, Male   ,82.2,1.87,55,4,3,90, HIIT         ,36.152,3.5,23.51
35, Female ,65.8,1.62,69,4,2,60, Cardio       ,32.734,1.5,25.07
57, Female ,68.5,1.56,68,4,2,90, HIIT         ,41.49,1.6,28.15
18, Female ,63.9,1.59,50,4,3,110, Strength     ,29.076,2.7,25.28
40, Female ,55.1,1.61,64,4,3,90, Yoga         ,29.312,2.7,21.26
48, Male   ,73.7,1.61,63,4,2,80, Cardio       ,39.756,3.6,28.43
47, Male   ,55.6,1.77,68,4,2,70, Cardio       ,26.71,2.9,17.75
52, Female ,60.3,1.68,64,4,3,100, Strength     ,32.192,2.7,21.36
33, Female ,78.5,1.66,69,4,2,80, HIIT         ,36.378,1.9,28.49
49, Male   ,46.5,1.72,72,4,2,80, Yoga         ,24.734,2.6,15.72
20, Female ,75.9,1.73,63,4,2,80, Strength     ,29.632,2.1,25.36
41, Male   ,78.8,1.72,62,4,2,60, Cardio       ,35.998,3.1,26.64
41, Male   ,82.5,1.79,61,4,3,100, Cardio       ,34.93,3.5,25.75
28, Male   ,108.5,1.79,68,4,2,80, HIIT         ,41.672,2.1,33.86
46, Female ,58.9,1.7,53,4,3,90, Strength     ,29.636,2.7,20.38
35, Female ,50.4,1.6,59,4,2,60, Cardio       ,26.278,1.9,19.69
31, Female ,63.1,1.64,51,4,3,90, Cardio       ,29.882,2.7,23.46
29, Male   ,125.9,2,67,4,2,80, Strength     ,39.046,3.1,31.48
39, Male   ,93.4,1.7,50,4,2,70, Strength     ,42.354,2.5,32.32
47, Male   ,82.1,1.84,65,4,2,80, Strength     ,34.51,3.4,24.25
55, Male   ,128.4,1.68,52,4,2,70, Cardio       ,61.838,2.6,45.49
44, Male   ,89.3,1.99,58,4,2,80, HIIT         ,31.78,2,22.55
22, Female ,55.1,1.61,68,4,3,100, HIIT         ,25.172,2.7,21.26
36, Male   ,123.7,1.69,73,4,2,80, Cardio       ,54.852,2.1,43.31
21, Female ,61.3,1.57,64,4,3,120, HIIT         ,29.274,2.7,24.87
45, Male   ,81.4,1.61,55,4,2,70, Cardio       ,42.63,2.2,31.4
52, Female ,64.9,1.51,68,4,3,110, HIIT         ,40.712,2.7,28.46
41, Female ,76.7,1.79,56,4,2,80, Yoga         ,32.758,2,23.94
46, Female ,63.1,1.61,68,4,2,60, Strength     ,34.388,2.2,24.34
48, Female ,62.9,1.58,69,4,3,120, Strength     ,35.88,2.7,25.2
52, Male   ,85.6,1.74,56,4,3,110, Yoga         ,40.484,3.5,28.27
49, Female ,44.1,1.65,74,4,2,70, HIIT         ,25.31,1.8,16.2
50, Female ,55.4,1.55,65,4,3,110, Strength     ,33.772,2.7,23.06
35, Female ,78,1.67,57,4,2,70, Strength     ,36.214,2.5,27.97
20, Female ,75.8,1.78,53,4,2,90, HIIT         ,27.904,2,23.92
49, Male   ,85,1.68,74,4,3,110, HIIT         ,42.014,3.5,30.12
19, Female ,72.4,1.75,64,4,2,70, Cardio       ,27.338,1.7,23.64
50, Male   ,90.8,1.71,62,4,2,60, Yoga         ,43.36,3.4,31.05
37, Female ,53,1.71,50,4,2,70, Yoga         ,24.866,1.7,18.13
31, Female ,62.5,1.62,74,4,3,90, HIIT         ,30.302,2.7,23.81
39, Female ,63.3,1.71,56,4,3,110, Strength     ,29.55,2.7,21.65
59, Male   ,123.3,1.88,67,4,2,80, HIIT         ,50.038,2.6,34.89
54, Female ,47.8,1.6,55,4,2,70, Cardio       ,29.424,2.3,18.67
50, Female ,58.4,1.79,56,4,3,100, HIIT         ,27.976,2.7,18.23
22, Male   ,106.8,1.82,50,4,2,60, Yoga         ,38.348,2.3,32.24
56, Male   ,125.5,1.8,73,4,2,80, Strength     ,53.956,2.7,38.73
21, Female ,55.2,1.55,53,4,2,80, Strength     ,27.006,1.7,22.98
57, Male   ,82.2,1.69,63,4,2,70, Strength     ,42.246,3.4,28.78
36, Female ,47.2,1.74,53,4,2,90, Cardio       ,21.588,1.6,15.59
36, Male   ,56.2,1.95,64,4,2,70, Strength     ,20.616,3.4,14.78
45, Male   ,58.4,1.72,65,4,2,80, HIIT         ,28.638,3.1,19.74
29, Male   ,86.7,1.62,55,4,3,90, Strength     ,40.918,3.5,33.04
18, Female ,62,1.59,50,4,2,70, Strength     ,28.164,2.2,24.52
18, Female ,58.1,1.61,71,4,3,110, Yoga         ,25.632,2.7,22.41
51, Female ,64.9,1.6,55,4,2,90, Yoga         ,36.75,2.5,25.35
49, Female ,69.3,1.62,62,4,2,70, HIIT         ,37.562,1.9,26.41
57, Female ,51.4,1.63,73,4,2,70, Yoga         ,30.93,2,19.35
33, Female ,55.6,1.61,54,4,3,110, Yoga         ,27.93,2.7,21.45
22, Male   ,102.1,1.85,67,4,2,90, Cardio       ,35.456,2.4,29.83
33, Male   ,81.8,1.99,51,4,3,100, Strength     ,26.982,3.5,20.66
54, Male   ,54.6,1.76,56,4,2,80, Cardio       ,28.176,3.3,17.63
31, Male   ,78.8,1.71,59,4,2,90, HIIT         ,34.07,2.5,26.95
45, Female ,48.2,1.64,67,4,2,80, Strength     ,26.454,2.5,17.92
47, Male   ,86.6,1.99,70,4,3,120, Strength     ,31.654,3.5,21.87
22, Male   ,96.3,1.63,62,4,2,80, Cardio       ,43.16,2.4,36.25
54, Female ,64.5,1.53,58,4,3,100, Yoga         ,40.08,2.7,27.55
53, Female ,68,1.7,57,4,2,60, HIIT         ,35.026,2.4,23.53
49, Male   ,61,1.87,61,4,2,70, Strength     ,26.798,3,17.44
21, Male   ,80.9,1.9,55,4,3,110, Yoga         ,26.322,3.5,22.41
33, Male   ,106.5,1.6,74,4,2,80, Strength     ,52.11,3.3,41.6
19, Male   ,95.1,1.85,50,4,2,70, Yoga         ,32.318,2.3,27.79
50, Male   ,86.7,1.63,58,4,3,100, Cardio       ,45.256,3.5,32.63
50, Female ,69.7,1.72,66,4,2,70, Strength     ,34.372,2,23.56
29, Male   ,121.1,1.87,52,4,2,80, HIIT         ,42.826,3.2,34.63
48, Female ,71.5,1.64,60,4,2,90, Yoga         ,37.536,1.9,26.58
40, Female ,57.7,1.69,53,4,2,70, HIIT         ,28.04,2.4,20.2
27, Male   ,89.3,1.64,64,4,3,110, HIIT         ,40.65,3.5,33.2
53, Male   ,115.4,1.92,50,4,2,80, Yoga         ,44.35,2.2,31.3
54, Female ,78.1,1.6,73,4,2,70, Yoga         ,43.632,2.4,30.51
26, Female ,54.2,1.65,58,4,2,60, Cardio       ,24.472,1.9,19.91
41, Female ,77.6,1.76,71,4,2,80, Strength     ,34.09,2.2,25.05
53, Female ,47.8,1.76,74,4,2,60, HIIT         ,25.306,1.5,15.43
49, Male   ,82.3,1.84,71,4,2,80, Strength     ,35.042,3.4,24.31
29, Female ,68.7,1.72,62,4,2,70, Cardio       ,29.134,1.7,23.22
52, Male   ,65.5,1.74,70,4,2,90, Strength     ,32.516,2.8,21.63
30, Female ,59.2,1.63,74,4,3,110, Strength     ,28.236,2.7,22.28
53, Female ,68.1,1.55,65,4,2,90, HIIT         ,40.81,2.2,28.35
58, Female ,74.8,1.69,53,4,2,80, Strength     ,39.368,2.3,26.19
36, Male   ,90.3,1.65,71,4,2,80, Cardio       ,42.684,3.4,33.17
29, Male   ,86.1,1.65,71,4,3,100, HIIT         ,39.226,3.5,31.63
48, Female ,56.8,1.51,52,4,2,80, HIIT         ,35.532,2.1,24.91
36, Male   ,112.4,1.63,58,4,2,60, Cardio       ,53.64,3.4,42.3
52, Male   ,66.5,1.6,70,4,2,80, HIIT         ,37.736,2.1,25.98
29, Male   ,106.5,1.81,60,4,2,80, Cardio       ,40.282,2.5,32.51
42, Male   ,88.4,1.93,65,4,3,100, Yoga         ,32.736,3.5,23.73
33, Female ,74.2,1.76,66,4,2,70, Strength     ,30.93,1.5,23.95
56, Male   ,84.6,1.63,52,4,2,60, HIIT         ,45.688,2.9,31.84
52, Female ,65.9,1.52,53,4,2,80, Cardio       ,40.784,2.3,28.52
40, Male   ,76.9,1.92,68,4,2,70, Yoga         ,28.832,3.7,20.86
35, Male   ,63.7,1.74,71,4,2,60, HIIT         ,27.898,2.7,21.04
34, Female ,68.4,1.5,61,4,2,80, Cardio       ,38.9,2.1,30.4
55, Male   ,63.5,1.86,53,4,2,80, Strength     ,29.27,2.9,18.35
46, Male   ,59.4,1.68,62,4,2,70, Strength     ,30.44,2.5,21.05
44, Male   ,124.8,1.85,69,4,2,80, Strength     ,48.472,3.5,36.46
27, Female ,53,1.58,62,4,2,80, Cardio       ,26.286,1.8,21.23
30, Female ,70.4,1.56,62,4,2,60, Yoga         ,36.216,2.4,28.93
45, Male   ,52.5,1.88,71,4,2,70, Strength     ,22.77,2.9,14.85
37, Male   ,76.3,1.77,57,4,2,80, HIIT         ,32.33,2.1,24.35
25, Female ,55.3,1.76,67,4,3,90, Yoga         ,21.77,2.7,17.85
58, Female ,49.7,1.67,72,4,2,80, Strength     ,29.324,2.3,17.82
18, Male   ,83.2,1.96,67,4,3,110, HIIT         ,24.732,3.5,21.66
30, Male   ,121.6,2,60,4,2,70, Cardio       ,37.98,3.3,30.4
45, Female ,73,1.75,50,4,2,70, Yoga         ,33.558,2,23.84
50, Female ,42.7,1.53,65,4,2,90, Strength     ,27.988,2.4,18.24
49, Male   ,88.6,2,56,4,3,110, Cardio       ,32.45,3.5,22.15
38, Male   ,46.9,1.74,64,4,2,60, Strength     ,21.928,2.6,15.49
28, Female ,71.3,1.67,63,4,2,90, Strength     ,31.724,1.5,25.57
58, Female ,74.6,1.68,60,4,2,60, Yoga         ,39.656,2,26.43
20, Female ,64.3,1.78,61,4,3,100, Cardio       ,23.548,2.7,20.29
40, Male   ,63,2,71,4,2,90, Strength     ,22.7,2.9,15.75
28, Male   ,128.4,1.86,71,4,2,60, Strength     ,45.572,3.3,37.11
27, Female ,63.7,1.52,60,4,2,70, Strength     ,33.894,2.1,27.57
49, Male   ,83.7,1.87,53,4,2,80, HIIT         ,34.598,2.3,23.94
55, Male   ,87.5,1.88,73,4,2,70, Yoga         ,36.962,2.6,24.76
29, Male   ,87,1.86,72,4,3,90, Yoga         ,31.45,3.5,25.15
53, Female ,73.5,1.55,72,4,2,70, HIIT         ,43.498,2.1,30.59
45, Female ,73.5,1.74,50,4,2,70, Cardio       ,34.086,2.3,24.28
58, Female ,46.1,1.67,70,4,2,80, Yoga         ,27.776,1.8,16.53
44, Male   ,94.6,1.84,67,4,2,80, HIIT         ,38.248,3.1,27.94
50, Male   ,52.2,1.84,52,4,2,80, Strength     ,24.604,3.1,15.42
30, Male   ,101,1.68,61,4,2,90, Strength     ,44.448,2.9,35.79
35, Female ,78.9,1.64,70,4,2,80, Cardio       ,37.858,2.6,29.34
19, Male   ,127.9,1.93,70,4,2,80, Strength     ,40.178,3,34.34
27, Male   ,88.5,1.98,53,4,3,110, Cardio       ,27.894,3.5,22.57
50, Male   ,64.5,1.79,61,4,2,70, Yoga         ,30.256,2.4,20.13
38, Male   ,68.7,1.92,73,4,2,80, Cardio       ,25.708,3,18.64
44, Male   ,102.3,1.63,52,4,2,80, Yoga         ,50.92,2.6,38.5
38, Male   ,85.8,1.8,68,4,3,100, Cardio       ,35.116,3.5,26.48
23, Male   ,81.4,1.85,74,4,3,100, Cardio       ,28.426,3.5,23.78
34, Male   ,52,1.78,53,4,2,80, Strength     ,22.112,2.7,16.41
22, Male   ,71,1.93,53,4,2,90, Yoga         ,22.532,2.9,19.06
48, Male   ,80.6,1.77,66,4,3,90, Cardio       ,36.516,3.5,25.73
20, Male   ,111,1.94,50,4,2,60, Cardio       ,34.588,3.3,29.49
54, Female ,75.6,1.61,52,4,2,90, Yoga         ,42.024,2.5,29.17
27, Male   ,108,1.8,70,4,2,80, Cardio       ,40.806,2.5,33.33
34, Male   ,75.7,1.94,72,4,2,70, Strength     ,26.552,2.4,20.11
38, Female ,56.3,1.6,53,4,2,70, Yoga         ,29.728,1.9,21.99
30, Female ,62.7,1.67,70,4,2,60, HIIT         ,28.476,2.6,22.48
57, Male   ,76.6,1.86,55,4,2,70, Yoga         ,34.278,2.8,22.14
51, Female ,54.7,1.53,69,4,2,70, HIIT         ,34.374,2,23.37
29, Female ,71.8,1.55,68,4,2,70, Cardio       ,37.138,2.4,29.89
22, Female ,48.7,1.76,66,4,2,80, HIIT         ,18.524,2.2,15.72
34, Male   ,112.4,1.85,66,4,2,70, HIIT         ,41.828,3.6,32.84
54, Female ,43.8,1.65,61,4,2,80, Yoga         ,26.328,1.7,16.09
38, Male   ,123.3,1.62,65,4,2,80, Yoga         ,59.716,2.3,46.98
28, Male   ,84.8,1.79,55,4,2,80, Cardio       ,32.804,2.3,26.47
51, Female ,63.9,1.8,72,4,2,60, HIIT         ,29.994,2.7,19.72
44, Female ,60.4,1.65,54,4,2,80, HIIT         ,31.348,2.1,22.19
47, Male   ,87.2,1.64,50,4,3,120, Strength     ,44.314,3.5,32.42
46, Female ,62.5,1.54,73,4,3,100, Strength     ,36.8,2.7,26.35
27, Male   ,80.7,1.61,52,4,3,110, Strength     ,38.166,3.5,31.13
41, Male   ,74.3,1.61,51,4,2,60, Strength     ,38.422,3.5,28.66
22, Female ,78.5,1.7,66,4,2,80, Strength     ,32.252,2.1,27.16
30, Female ,77.9,1.77,62,4,2,90, Cardio       ,31.344,2.6,24.87
40, Male   ,68.9,1.99,51,4,2,70, Cardio       ,24.68,2.4,17.4
38, Female ,70.3,1.52,66,4,2,70, Yoga         ,39.856,2,30.43
22, Female ,40.3,1.56,57,4,2,90, HIIT         ,19.532,2.1,16.56
22, Female ,44.8,1.72,54,4,2,90, Cardio       ,17.828,1.8,15.14
29, Male   ,84.9,1.72,51,4,3,110, Yoga         ,35.71,3.5,28.7
31, Female ,60.5,1.77,56,4,3,100, HIIT         ,24.902,2.7,19.31
43, Female ,53.8,1.72,71,4,2,60, Strength     ,26.318,2.3,18.19
43, Female ,66.3,1.77,57,4,2,90, HIIT         ,29.882,1.7,21.16
34, Male   ,88,1.64,70,4,3,110, Yoga         ,41.684,3.5,32.72
25, Male   ,95.6,1.9,72,4,2,90, Cardio       ,32.126,2.4,26.48
32, Male   ,85.3,1.64,69,4,3,110, Cardio       ,40.012,3.5,31.71
39, Male   ,59.7,1.83,59,4,2,80, Strength     ,24.966,2.3,17.83
41, Female ,61.9,1.64,68,4,3,120, Yoga         ,31.642,2.7,23.01
19, Female ,49.1,1.68,58,4,2,90, Cardio       ,19.85,2.6,17.4
24, Male   ,88.2,1.79,65,4,3,110, HIIT         ,33.156,3.5,27.53
35, Male   ,62.8,1.63,63,4,2,90, Cardio       ,31.018,3.7,23.64
42, Female ,72.9,1.62,67,4,2,70, Yoga         ,37.596,2,27.78
45, Female ,64.3,1.54,58,4,3,100, Yoga         ,37.482,2.7,27.11
34, Female ,59,1.62,56,4,2,70, Cardio       ,29.396,2.4,22.48
43, Female ,68.6,1.52,68,4,2,90, Yoga         ,40.118,2.6,29.69
34, Female ,64.5,1.78,64,4,2,80, Yoga         ,26.852,1.8,20.36
30, Female ,61.6,1.52,71,4,3,110, Cardio       ,33.492,2.7,26.66
37, Male   ,75.1,1.82,60,4,2,70, Yoga         ,30.314,3.2,22.67
53, Female ,55.8,1.55,54,4,2,70, Strength     ,34.666,1.8,23.23
39, Male   ,58.3,1.93,58,4,2,80, Cardio       ,22.35,3.7,15.65
25, Male   ,81.7,1.95,74,4,3,120, Yoga         ,26.138,3.5,21.49
58, Female ,75.4,1.78,63,4,2,60, Cardio       ,36.5,2.5,23.8
54, Female ,64.2,1.69,69,4,3,100, Yoga         ,33.996,2.7,22.48
23, Male   ,107.2,1.93,55,4,2,70, HIIT         ,34.426,3.1,28.78
50, Female ,61.6,1.75,74,4,2,70, Strength     ,30.232,2.2,20.11
39, Male   ,81.7,1.75,55,4,2,80, Cardio       ,35.586,2.8,26.68
23, Male   ,116.8,1.79,69,4,2,60, Strength     ,43.63,3.4,36.45
23, Female ,60.1,1.59,52,4,3,110, HIIT         ,28.414,2.7,23.77
47, Female ,41.6,1.58,68,4,2,60, Yoga         ,25.402,2.1,16.66
48, Female ,69.1,1.6,53,4,2,80, Strength     ,38.028,2,26.99
26, Male   ,125.5,1.76,66,4,2,70, Yoga         ,49.204,3.1,40.52
48, Male   ,129.2,1.61,62,4,2,60, Yoga         ,65.448,2.9,49.84
53, Female ,64.4,1.55,62,4,3,110, HIIT         ,38.962,2.7,26.81
41, Female ,64.9,1.57,53,4,2,60, HIIT         ,35.626,2.4,26.33
23, Female ,56.7,1.55,73,4,2,80, Cardio       ,28.21,1.9,23.6
19, Female ,46.8,1.63,63,4,2,80, HIIT         ,20.102,1.6,17.61
45, Male   ,80.8,1.76,54,4,3,100, Yoga         ,36.246,3.5,26.08
32, Female ,56.6,1.57,72,4,3,100, HIIT         ,29.512,2.7,22.96
43, Female ,64.7,1.66,69,4,3,110, Yoga         ,32.666,2.7,23.48
36, Female ,57.7,1.77,63,4,3,100, Strength     ,24.984,2.7,18.42
37, Male   ,76.9,1.82,50,4,2,90, Strength     ,30.974,2.8,23.22
50, Male   ,80.5,1.77,59,4,3,110, Yoga         ,36.94,3.5,25.7
31, Female ,53.5,1.76,69,4,2,70, Strength     ,22.454,1.8,17.27
28, Male   ,86.9,1.78,68,4,2,80, HIIT         ,33.956,3.7,27.43
30, Male   ,90,1.66,71,4,2,80, Cardio       ,40.692,2.1,32.66
37, Female ,66.9,1.75,50,4,2,80, Strength     ,29.318,2.1,21.84
26, Female ,62.4,1.61,58,4,3,110, Yoga         ,29.464,2.7,24.07
28, Male   ,58.3,2,65,4,2,80, Strength     ,18.524,3,14.57
32, Male   ,89.8,1.92,67,4,3,120, Strength     ,31.192,3.5,24.36
48, Male   ,73.1,1.83,71,4,2,60, Yoga         ,31.836,2.8,21.83
31, Female ,77.4,1.71,52,4,2,80, Cardio       ,33.494,1.8,26.47
51, Male   ,88.2,1.62,72,4,3,90, Cardio       ,46.662,3.5,33.61
29, Female ,75.6,1.8,57,4,2,80, Yoga         ,29.266,1.9,23.33
52, Female ,57.9,1.56,68,4,3,100, HIIT         ,35.108,2.7,23.79
46, Male   ,72.6,1.87,64,4,2,80, HIIT         ,30.092,3.4,20.76
58, Female ,59.3,1.58,56,4,3,120, Strength     ,36.44,2.7,23.75
31, Male   ,86.9,1.69,65,4,3,100, Yoga         ,38.246,3.5,30.43
52, Male   ,63.6,1.62,55,4,2,80, Strength     ,35.636,2.3,24.23
54, Male   ,117.2,1.62,56,4,2,60, HIIT         ,60.612,2.3,44.66
42, Male   ,86.3,1.77,55,4,3,110, HIIT         ,37.32,3.5,27.55
35, Male   ,127.1,1.62,69,4,2,60, Strength     ,60.766,3.4,48.43
31, Female ,76.7,1.62,74,4,2,80, Yoga         ,36.806,2.3,29.23
55, Male   ,69.9,1.81,57,4,2,70, Strength     ,32.858,2.1,21.34
42, Female ,57.7,1.57,52,4,3,110, Cardio       ,32.352,2.7,23.41
50, Male   ,95.4,1.61,50,4,2,70, Strength     ,50.26,3.6,36.8
31, Female ,66.6,1.67,71,4,2,60, Yoga         ,30.386,1.5,23.88
57, Male   ,83.4,1.65,67,4,3,90, HIIT         ,44.466,3.5,30.63
20, Male   ,55,1.6,67,4,2,70, Yoga         ,24.976,3.2,21.48
24, Male   ,87.1,1.74,67,4,3,90, Strength     ,34.644,3.5,28.77
56, Female ,58,1.68,74,5,3,100, HIIT         ,32.14,2.7,20.55
45, Male   ,84.9,1.86,66,5,3,100, HIIT         ,34.398,3.5,24.54
38, Male   ,81.4,1.71,58,5,3,90, HIIT         ,36.748,3.5,27.84
53, Male   ,84.2,1.76,69,5,3,100, Cardio       ,39.406,3.5,27.18
27, Male   ,87.5,1.63,74,5,3,110, Strength     ,40.326,3.5,32.93
31, Female ,64.4,1.7,70,5,3,120, Strength     ,28.466,2.7,22.28
32, Male   ,85.9,1.6,60,5,3,120, HIIT         ,42.22,3.5,33.55
57, Female ,64,1.52,52,5,3,100, Strength     ,40.95,2.7,27.7
32, Female ,61.7,1.58,54,5,3,110, HIIT         ,31.624,2.7,24.72
42, Female ,59.5,1.74,52,5,3,110, Yoga         ,27.84,2.7,19.65
40, Female ,56.2,1.79,57,5,3,110, Yoga         ,24.848,2.7,17.54
54, Male   ,86,1.93,51,5,3,100, Strength     ,34.728,3.5,23.09
20, Male   ,82.7,1.99,59,5,3,100, HIIT         ,24.256,3.5,20.88
26, Male   ,86.2,1.68,72,5,3,120, Strength     ,37.228,3.5,30.54
30, Male   ,85.3,1.95,68,5,3,100, Yoga         ,28.416,3.5,22.43
49, Male   ,82.8,1.95,73,5,3,120, Yoga         ,32.006,3.5,21.78
44, Female ,59.1,1.52,56,5,3,100, Yoga         ,35.416,2.7,25.58
32, Male   ,87.9,1.88,64,5,3,90, Cardio       ,31.804,3.5,24.87
54, Male   ,83.6,1.86,56,5,3,90, HIIT         ,36.012,3.5,24.16
34, Female ,56.2,1.77,59,5,3,110, Cardio       ,23.948,2.7,17.94
40, Female ,57.4,1.71,61,5,3,110, Strength     ,27.356,2.7,19.63
41, Female ,63.4,1.59,55,5,3,110, HIIT         ,34.126,2.7,25.08
39, Female ,55.9,1.71,59,5,3,120, Yoga         ,26.514,2.7,19.12
57, Male   ,81.4,1.86,70,5,3,110, Cardio       ,35.946,3.5,23.53
35, Female ,64.2,1.59,66,5,3,100, Yoga         ,33.118,2.7,25.39
53, Female ,56.3,1.79,59,5,3,90, Strength     ,27.874,2.7,17.57
21, Female ,60,1.7,52,5,3,120, Strength     ,24.342,2.7,20.76
50, Male   ,89.6,1.68,74,5,3,110, Cardio       ,44.2,3.5,31.75
47, Male   ,84.8,1.86,63,5,3,110, HIIT         ,34.822,3.5,24.51
23, Female ,59,1.78,58,5,3,100, Yoga         ,22.234,2.7,18.62
26, Female ,59.3,1.51,71,5,3,100, Strength     ,31.792,2.7,26.01
41, Female ,62.3,1.79,73,5,3,120, Yoga         ,27.358,2.7,19.44
40, Female ,62.6,1.53,73,5,3,120, Cardio       ,35.888,2.7,26.74
47, Male   ,88.4,1.6,60,5,3,110, HIIT         ,46.846,3.5,34.53
43, Male   ,82.9,1.95,70,5,3,110, Cardio       ,30.65,3.5,21.8
26, Female ,64.1,1.5,60,5,3,120, Strength     ,34.768,2.7,28.49
29, Male   ,80.8,1.98,50,5,3,100, Strength     ,26.002,3.5,20.61
33, Female ,58,1.53,50,5,3,110, Strength     ,31.926,2.7,24.78
43, Female ,61.5,1.58,50,5,3,110, HIIT         ,34.058,2.7,24.64
56, Male   ,82.5,1.87,74,5,3,90, Yoga         ,35.788,3.5,23.59
50, Female ,58.1,1.58,50,5,3,120, Yoga         ,34.024,2.7,23.27
47, Female ,61,1.76,54,5,3,90, HIIT         ,29.038,2.7,19.69
36, Male   ,84,1.94,50,5,3,110, HIIT         ,29.664,3.5,22.32
18, Female ,64.8,1.53,54,5,3,120, Yoga         ,31.956,2.7,27.68
33, Female ,64.1,1.63,74,5,3,100, Strength     ,31.146,2.7,24.13
29, Male   ,88.1,1.93,66,5,3,110, Cardio       ,29.65,3.5,23.65
25, Female ,59.4,1.51,54,5,3,100, Cardio       ,31.61,2.7,26.05
42, Male   ,85.2,1.81,65,5,3,90, Yoga         ,35.472,3.5,26.01
38, Male   ,83.6,1.74,51,5,3,100, Cardio       ,36.472,3.5,27.61
52, Male   ,85.5,1.8,66,5,3,100, Strength     ,38.228,3.5,26.39
41, Male   ,81.6,1.87,59,5,3,110, HIIT         ,32.026,3.5,23.33
39, Male   ,86.2,1.82,72,5,3,120, Strength     ,34.794,3.5,26.02
36, Male   ,85.4,1.88,60,5,3,120, Yoga         ,31.872,3.5,24.16
38, Male   ,88.4,1.79,68,5,3,100, Yoga         ,36.448,3.5,27.59
56, Male   ,89,1.68,65,5,3,110, Yoga         ,45.316,3.5,31.53
48, Male   ,83.9,1.82,70,5,3,110, HIIT         ,36.036,3.5,25.33
46, Male   ,84.3,2,66,5,3,110, HIIT         ,30.464,3.5,21.07
22, Male   ,86.2,1.9,58,5,3,120, Strength     ,28.316,3.5,23.88
36, Male   ,88,1.71,73,5,3,110, HIIT         ,38.988,3.5,30.09
42, Female ,57.5,1.67,63,5,3,110, Cardio       ,29.004,2.7,20.62
53, Male   ,82.3,1.61,60,5,3,110, Strength     ,44.89,3.5,31.75
35, Male   ,85.6,1.85,55,5,3,110, Strength     ,32.662,3.5,25.01
32, Female ,62.6,1.63,58,5,3,100, HIIT         ,30.232,2.7,23.56
48, Male   ,87.1,1.76,67,5,3,110, Strength     ,39.384,3.5,28.12
18, Male   ,82.3,1.84,66,5,3,100, HIIT         ,27.912,3.5,24.31
29, Male   ,88,1.89,54,5,3,110, Cardio       ,30.838,3.5,24.64
41, Male   ,82.8,1.66,74,5,3,120, HIIT         ,40.09,3.5,30.05
43, Female ,55.2,1.73,62,5,3,100, Cardio       ,26.618,2.7,18.44
45, Male   ,89.6,1.81,70,5,3,100, Yoga         ,37.77,3.5,27.35
37, Male   ,88.8,1.95,66,5,3,100, Yoga         ,31.13,3.5,23.35
22, Male   ,88.5,1.62,69,5,3,110, Strength     ,40.124,3.5,33.72
50, Female ,56.5,1.6,61,5,3,110, Yoga         ,32.584,2.7,22.07
49, Male   ,81.4,1.83,73,5,3,120, Yoga         ,35.042,3.5,24.31
45, Female ,57.2,1.55,58,5,3,100, Cardio       ,33.522,2.7,23.81
31, Female ,57.9,1.56,50,5,3,110, Yoga         ,30.278,2.7,23.79
19, Male   ,82.4,1.96,62,5,3,110, HIIT         ,24.71,3.5,21.45
35, Female ,55.3,1.56,56,5,3,100, Strength     ,29.914,2.7,22.72
34, Female ,64.3,1.62,62,5,3,110, Yoga         ,31.82,2.7,24.5
37, Male   ,87.8,1.69,69,5,3,110, HIIT         ,39.998,3.5,30.74
57, Female ,64.4,1.56,73,5,3,90, Cardio       ,39.462,2.7,26.46
44, Male   ,82.5,1.79,70,5,3,90, HIIT         ,35.62,3.5,25.75
38, Female ,57.7,1.56,54,5,3,100, HIIT         ,31.792,2.7,23.71
44, Male   ,86.6,1.97,50,5,3,100, Yoga         ,31.492,3.5,22.31
27, Male   ,89.3,1.87,62,5,3,100, Strength     ,31.458,3.5,25.54
57, Male   ,85.6,1.69,50,5,3,110, Yoga         ,43.674,3.5,29.97
36, Female ,60,1.72,51,5,3,100, Strength     ,27.216,2.7,20.28
54, Female ,56.5,1.75,66,5,3,110, HIIT         ,29.16,2.7,18.45
28, Female ,55.1,1.79,67,5,3,120, Yoga         ,21.68,2.7,17.2
28, Female ,56,1.5,56,5,3,120, Strength     ,30.908,2.7,24.89
19, Female ,64.3,1.63,57,5,3,110, Cardio       ,28.01,2.7,24.2
23, Female ,60.9,1.62,69,5,3,100, Cardio       ,27.742,2.7,23.21
43, Male   ,81,1.78,65,5,3,100, Yoga         ,35.162,3.5,25.56
20, Male   ,85.7,1.92,58,5,3,100, Cardio       ,27.1,3.5,23.25
22, Female ,61.8,1.52,61,5,3,110, Yoga         ,31.76,2.7,26.75
40, Male   ,80.3,1.76,74,5,3,100, Strength     ,34.904,3.5,25.92
19, Female ,59.1,1.57,50,5,3,100, Cardio       ,27.746,2.7,23.98
59, Male   ,85.5,1.67,71,5,3,120, Cardio       ,44.962,3.5,30.66
56, Female ,55.7,1.53,66,5,3,120, Cardio       ,36.028,2.7,23.79
40, Male   ,87.9,1.87,54,5,3,120, Strength     ,33.968,3.5,25.14
56, Female ,64.2,1.69,61,5,3,120, Cardio       ,34.456,2.7,22.48
23, Male   ,87.3,1.91,58,5,3,110, HIIT         ,28.606,3.5,23.93
59, Female ,60.4,1.76,53,5,3,100, Cardio       ,31.57,2.7,19.5
